Workbook

Sheet Denomination values
A1: Denomination | B1: Number of atomos | C1: Value in USD
A2: HYA | B2: 100 | C2: =B2*'Atomic Masses'!$P$289 -> 2.3421431e-18
A3: HYB | B3: =B2*B2 -> 10000 | C3: =B3*'Atomic Masses'!$P$289 -> 2.3421431e-16
A4: HYG | B4: =B3*B3 -> 100000000 | C4: =B4*'Atomic Masses'!$P$289 -> 2.3421431e-12
A5: HYD | B5: =B4*B4 -> 1e+16 | C5: =B5*'Atomic Masses'!$P$289 -> 0.00023421431
A6: HYE | B6: =B5*B5 -> 1e+32 | C6: =B6*'Atomic Masses'!$P$289 -> 2.3421431e+12
A7: HYZ | B7: =B6*B6 -> 1e+64 | C7: =B7*'Atomic Masses'!$P$289 -> 2.3421431e+44

Sheet Reality Constants
A1: Constant name | B1: Constant value
A2: Atomic Mass (kg) | B2: =1.66053906892 * 1E-26 -> 1.6605391e-26
A3: Speed of light | B3: 299792458
A4: eV/J | B4: =1.602176634 * 0.000000000000000001 -> 1.6021766e-18
A5: kWh/J | B5: =3.6*10^6 -> 3600000
A6: Avogadro constant | B6: 6.022e+23

Sheet Atomic Masses
A1: Name | B1: Symbol | C1: Mass | D1: Abund. | E1: Mass in kg | F1: Energy (J) | G1: Energy (eV) | H1: Energy (kWh) | I1: Energy (USD) | J1: Energy price per 1 amu (USD) | K1: kWh/EUR | L1: EUR/USD | M1: kWh/USD | N1: Price per kg | O1: Source / Details
A2: Hydrogen | B2: H(1) | C2: 1.007825 | D2: 99.99 | E2: =C2 * 'Reality Constants'!$B$2 -> 1.6735328e-26 | F2: =E2 * ('Reality Constants'!$B$3 * 'Reality Constants'!$B$3) -> 1.5040963e-09 | G2: =F2 / 'Reality Constants'!$B$4 -> 9.3878305e+08 | H2: =F2 / 'Reality Constants'!$B$5 -> 4.1780452e-16 | I2: 1.1452697e-16 | J2: =I2/C2 -> 1.1363775e-16 | N2: 1.39 | O2: DOE Hydrogen Program (2012) | P2: =N2 / ((1000/C2) * 'Reality Constants'!$B$6) -> 2.3262649e-27
A3: Hydrogen | B3: H(2) | C3: 2.014102 | D3: 0.015 | E3: =C3 * 'Reality Constants'!$B$2 -> 3.3444951e-26 | F3: =E3 * ('Reality Constants'!$B$3 * 'Reality Constants'!$B$3) -> 3.0058823e-09 | G3: =F3 / 'Reality Constants'!$B$4 -> 1.8761241e+09 | H3: =F3 / 'Reality Constants'!$B$5 -> 8.3496729e-16 | I3: =H3*M3 -> 2.2887802e-16 | J3: =I3/C3 -> 1.1363775e-16 | K3: 0.235497 | L3: 1.16399 | M3: =K3*L3 -> 0.27411615 | N3: 13400 | O3: Cambridge Isotope Laboratories (2020) | P3: =N3 / ((1000/C3) * 'Reality Constants'!$B$6) -> 4.4817281e-23
A4: Helium | B4: He(3) | C4: 3.016029 | D4: 0.0001 | E4: =C4 * 'Reality Constants'!$B$2 -> 5.008234e-26 | F4: =E4 * ('Reality Constants'!$B$3 * 'Reality Constants'!$B$3) -> 4.5011762e-09 | G4: =F4 / 'Reality Constants'!$B$4 -> 2.8094132e+09 | H4: =F4 / 'Reality Constants'!$B$5 -> 1.2503267e-15 | N4: 96000000 | O4: BBC Science Focus Magazine (2024) | P4: =N4 / ((1000/C4) * 'Reality Constants'!$B$6) -> 4.808017e-19
A5: Helium | B5: He(4) | C5: 4.002603 | D5: 100 | E5: =C5 * 'Reality Constants'!$B$2 -> 6.6464787e-26 | F5: =E5 * ('Reality Constants'!$B$3 * 'Reality Constants'!$B$3) -> 5.9735571e-09 | G5: =F5 / 'Reality Constants'!$B$4 -> 3.7284011e+09 | H5: =F5 / 'Reality Constants'!$B$5 -> 1.6593214e-15 | N5: 40.39 | O5: United States Geological Survey (2016) | P5: =N5 / ((1000/C5) * 'Reality Constants'!$B$6) -> 2.6845755e-25
A6: Lithium | B6: Li(6) | C6: 6.015123 | D6: 7.42 | E6: =C6 * 'Reality Constants'!$B$2 -> 9.9883467e-26 | F6: =E6 * ('Reality Constants'!$B$3 * 'Reality Constants'!$B$3) -> 8.9770784e-09 | G6: =F6 / 'Reality Constants'!$B$4 -> 5.6030516e+09 | H6: =F6 / 'Reality Constants'!$B$5 -> 2.4936329e-15 | I6: 7.8395858e-25 | J6: =I6/C6 -> 1.3033126e-25 | N6: 85700 | O6: Sigma-Aldrich (2025) | P6: =N6 / ((1000/C6) * 'Reality Constants'!$B$6) -> 8.5602132e-22
A7: Lithium | B7: Li(7) | C7: 7.016005 | D7: 92.58 | E7: =C7 * 'Reality Constants'!$B$2 -> 1.165035e-25 | F7: =E7 * ('Reality Constants'!$B$3 * 'Reality Constants'!$B$3) -> 1.0470813e-08 | G7: =F7 / 'Reality Constants'!$B$4 -> 6.5353673e+09 | H7: =F7 / 'Reality Constants'!$B$5 -> 2.9085591e-15 | I7: =M7*L7 -> 9.144048e-25 | J7: =I7/C7 -> 1.3033126e-25 | L7: 0.1392 | M7: 6.569e-24 | N7: 115.7 | O7: Shanghai Metals Market (2016) | P7: =N7 / ((1000/C7) * 'Reality Constants'!$B$6) -> 1.347977e-24
A8: Beryllium | B8: Be(9) | C8: 9.012183 | D8: 100 | E8: =C8 * 'Reality Constants'!$B$2 -> 1.4965082e-25 | F8: =E8 * ('Reality Constants'!$B$3 * 'Reality Constants'!$B$3) -> 1.3449945e-08 | G8: =F8 / 'Reality Constants'!$B$4 -> 8.3947953e+09 | H8: =F8 / 'Reality Constants'!$B$5 -> 3.7360958e-15 | I8: =M8*L8 -> 1.7394432e-24 | J8: =I8/C8 -> 1.930102e-25 | L8: 0.1392 | M8: 1.2496e-23 | N8: 831.6 | O8: Shanghai Metals Market (2016) | P8: =N8 / ((1000/C8) * 'Reality Constants'!$B$6) -> 1.2445253e-23
A9: Boron | B9: B(10) | C9: 10.012938 | D9: 19.8 | E9: =C9 * 'Reality Constants'!$B$2 -> 1.6626875e-25 | F9: =E9 * ('Reality Constants'!$B$3 * 'Reality Constants'!$B$3) -> 1.494349e-08 | G9: =F9 / 'Reality Constants'!$B$4 -> 9.3269927e+09 | H9: =F9 / 'Reality Constants'!$B$5 -> 4.1509694e-15 | I9: 1.35885e-26 | J9: =I9/C9 -> 1.3570942e-27 | N9: 2386 | O9: Shanghai Metals Market (2016) | P9: =N9 / ((1000/C9) * 'Reality Constants'!$B$6) -> 3.967265e-23
A10: Boron | B10: B(11) | C10: 11.009305 | D10: 80.2 | E10: =C10 * 'Reality Constants'!$B$2 -> 1.8281381e-25 | F10: =E10 * ('Reality Constants'!$B$3 * 'Reality Constants'!$B$3) -> 1.6430486e-08 | G10: =F10 / 'Reality Constants'!$B$4 -> 1.0255103e+10 | H10: =F10 / 'Reality Constants'!$B$5 -> 4.5640239e-15 | I10: =I9/(C9/C10) -> 1.4940664e-26 | J10: =I10/C10 -> 1.3570942e-27 | N10: 2386 | O10: Shanghai Metals Market (2016) | P10: =N10 / ((1000/C10) * 'Reality Constants'!$B$6) -> 4.3620395e-23
A11: Carbon | B11: C(12) | C11: 12 | D11: 98.9 | E11: =C11 * 'Reality Constants'!$B$2 -> 1.9926469e-25 | F11: =E11 * ('Reality Constants'!$B$3 * 'Reality Constants'!$B$3) -> 1.7909017e-08 | G11: =F11 / 'Reality Constants'!$B$4 -> 1.1177929e+10 | H11: =F11 / 'Reality Constants'!$B$5 -> 4.974727e-15 | I11: 2.441e-27 | J11: =I11/C11 -> 2.0341667e-28 | M11: 0.12236318 | N11: 24 | O11: Chemicool (2014) | P11: =N11 / ((1000/C11) * 'Reality Constants'!$B$6) -> 4.7824643e-25
A12: Carbon | B12: C(13) | C12: 13.003355 | D12: 1.1 | E12: =C12 * 'Reality Constants'!$B$2 -> 2.1592579e-25 | F12: =E12 * ('Reality Constants'!$B$3 * 'Reality Constants'!$B$3) -> 1.9406442e-08 | G12: =F12 / 'Reality Constants'!$B$4 -> 1.2112549e+10 | H12: =F12 / 'Reality Constants'!$B$5 -> 5.3906784e-15 | I12: =I11/(C11/C12) -> 2.6450991e-27 | J12: =I12/C12 -> 2.0341667e-28 | N12: 50000 | O12: BuyIsotope.com (2021) | P12: =N12 / ((1000/C12) * 'Reality Constants'!$B$6) -> 1.0796542e-21
A13: Nitrogen | B13: N(14) | C13: 14.003074 | D13: 99.63 | E13: =C13 * 'Reality Constants'!$B$2 -> 2.3252651e-25 | F13: =E13 * ('Reality Constants'!$B$3 * 'Reality Constants'!$B$3) -> 2.0898441e-08 | G13: =F13 / 'Reality Constants'!$B$4 -> 1.3043781e+10 | H13: =F13 / 'Reality Constants'!$B$5 -> 5.8051225e-15 | N13: 2.77 | O13: Praxair (2013) | P13: =N13 / ((1000/C13) * 'Reality Constants'!$B$6) -> 6.441135e-26
A14: Nitrogen | B14: N(15) | C14: 15.000109 | D14: 0.37 | E14: =C14 * 'Reality Constants'!$B$2 -> 2.4908267e-25 | F14: =E14 * ('Reality Constants'!$B$3 * 'Reality Constants'!$B$3) -> 2.2386434e-08 | G14: =F14 / 'Reality Constants'!$B$4 -> 1.3972513e+10 | H14: =F14 / 'Reality Constants'!$B$5 -> 6.2184539e-15 | N14: 15000 | O14: Isotope Suppliers (2024) | P14: =N14 / ((1000/C14) * 'Reality Constants'!$B$6) -> 3.7363274e-22
A15: Oxygen | B15: O(16) | C15: 15.994915 | D15: 99.76 | E15: =C15 * 'Reality Constants'!$B$2 -> 2.6560181e-25 | F15: =E15 * ('Reality Constants'!$B$3 * 'Reality Constants'!$B$3) -> 2.38711e-08 | G15: =F15 / 'Reality Constants'!$B$4 -> 1.4899169e+10 | H15: =F15 / 'Reality Constants'!$B$5 -> 6.6308612e-15 | N15: 0.64 | O15: Praxair (2013) | P15: =N15 / ((1000/C15) * 'Reality Constants'!$B$6) -> 1.6998913e-26
A16: Oxygen | B16: O(17) | C16: 16.999131 | D16: 0.038 | E16: =C16 * 'Reality Constants'!$B$2 -> 2.8227721e-25 | F16: =E16 * ('Reality Constants'!$B$3 * 'Reality Constants'!$B$3) -> 2.5369811e-08 | G16: =F16 / 'Reality Constants'!$B$4 -> 1.583459e+10 | H16: =F16 / 'Reality Constants'!$B$5 -> 7.0471696e-15
A17: Oxygen | B17: O(18) | C17: 17.999159 | D17: 0.2 | E17: =C17 * 'Reality Constants'!$B$2 -> 2.9888307e-25 | F17: =E17 * ('Reality Constants'!$B$3 * 'Reality Constants'!$B$3) -> 2.686227e-08 | G17: =F17 / 'Reality Constants'!$B$4 -> 1.676611e+10 | H17: =F17 / 'Reality Constants'!$B$5 -> 7.4617418e-15 | N17: 300000 | O17: BuyIsotope.com (2021) | P17: =N17 / ((1000/C17) * 'Reality Constants'!$B$6) -> 8.9667016e-21
A18: Fluorine | B18: F(19) | C18: 18.998403 | D18: 100 | E18: =C18 * 'Reality Constants'!$B$2 -> 3.154759e-25 | F18: =E18 * ('Reality Constants'!$B$3 * 'Reality Constants'!$B$3) -> 2.835356e-08 | G18: =F18 / 'Reality Constants'!$B$4 -> 1.76969e+10 | H18: =F18 / 'Reality Constants'!$B$5 -> 7.875989e-15 | N18: 1900 | O18: Chemicool (2012) | P18: =N18 / ((1000/C18) * 'Reality Constants'!$B$6) -> 5.9941823e-23
A19: Neon | B19: Ne(20) | C19: 19.992439 | D19: 90.6 | E19: =C19 * 'Reality Constants'!$B$2 -> 3.3198226e-25 | F19: =E19 * ('Reality Constants'!$B$3 * 'Reality Constants'!$B$3) -> 2.9837078e-08 | G19: =F19 / 'Reality Constants'!$B$4 -> 1.8622839e+10 | H19: =F19 / 'Reality Constants'!$B$5 -> 8.2880771e-15 | N19: 629.9 | O19: Linde AG (2016) | P19: =N19 / ((1000/C19) * 'Reality Constants'!$B$6) -> 2.0912051e-23
A20: Neon | B20: Ne(21) | C20: 20.993845 | D20: 0.26 | E20: =C20 * 'Reality Constants'!$B$2 -> 3.48611e-25 | F20: =E20 * ('Reality Constants'!$B$3 * 'Reality Constants'!$B$3) -> 3.1331594e-08 | G20: =F20 / 'Reality Constants'!$B$4 -> 1.9555643e+10 | H20: =F20 / 'Reality Constants'!$B$5 -> 8.7032206e-15
A21: Neon | B21: Ne(22) | C21: 21.991384 | D21: 9.2 | E21: =C21 * 'Reality Constants'!$B$2 -> 3.6517552e-25 | F21: =E21 * ('Reality Constants'!$B$3 * 'Reality Constants'!$B$3) -> 3.2820339e-08 | G21: =F21 / 'Reality Constants'!$B$4 -> 2.0484845e+10 | H21: =F21 / 'Reality Constants'!$B$5 -> 9.1167609e-15
A22: Sodium | B22: Na(23) | C22: 22.98977 | D22: 100 | E22: =C22 * 'Reality Constants'!$B$2 -> 3.8175411e-25 | F22: =E22 * ('Reality Constants'!$B$3 * 'Reality Constants'!$B$3) -> 3.4310349e-08 | G22: =F22 / 'Reality Constants'!$B$4 -> 2.1414835e+10 | H22: =F22 / 'Reality Constants'!$B$5 -> 9.5306524e-15 | N22: 3.04 | O22: Shanghai Metals Market (2016) | P22: =N22 / ((1000/C22) * 'Reality Constants'!$B$6) -> 1.1605596e-25
A23: Magnesium | B23: Mg(24) | C23: 23.985045 | D23: 78.9 | E23: =C23 * 'Reality Constants'!$B$2 -> 3.9828104e-25 | F23: =E23 * ('Reality Constants'!$B$3 * 'Reality Constants'!$B$3) -> 3.5795715e-08 | G23: =F23 / 'Reality Constants'!$B$4 -> 2.2341928e+10 | H23: =F23 / 'Reality Constants'!$B$5 -> 9.9432542e-15 | N23: 2.26 | O23: InfoMine (2017) | P23: =N23 / ((1000/C23) * 'Reality Constants'!$B$6) -> 9.001362e-26
A24: Magnesium | B24: Mg(25) | C24: 24.985839 | D24: 10 | E24: =C24 * 'Reality Constants'!$B$2 -> 4.1489962e-25 | F24: =E24 * ('Reality Constants'!$B$3 * 'Reality Constants'!$B$3) -> 3.7289318e-08 | G24: =F24 / 'Reality Constants'!$B$4 -> 2.3274162e+10 | H24: =F24 / 'Reality Constants'!$B$5 -> 1.0358144e-14 | N24: 2.26 | O24: InfoMine (2017) | P24: =N24 / ((1000/C24) * 'Reality Constants'!$B$6) -> 9.3769505e-26
A25: Magnesium | B25: Mg(26) | C25: 25.982595 | D25: 11.1 | E25: =C25 * 'Reality Constants'!$B$2 -> 4.3145114e-25 | F25: =E25 * ('Reality Constants'!$B$3 * 'Reality Constants'!$B$3) -> 3.8776895e-08 | G25: =F25 / 'Reality Constants'!$B$4 -> 2.4202634e+10 | H25: =F25 / 'Reality Constants'!$B$5 -> 1.077136e-14 | N25: 2.26 | O25: InfoMine (2017) | P25: =N25 / ((1000/C25) * 'Reality Constants'!$B$6) -> 9.7510237e-26
A26: Aluminum | B26: Al(27) | C26: 26.981541 | D26: 100 | E26: =C26 * 'Reality Constants'!$B$2 -> 4.4803903e-25 | F26: =E26 * ('Reality Constants'!$B$3 * 'Reality Constants'!$B$3) -> 4.026774e-08 | G26: =F26 / 'Reality Constants'!$B$4 -> 2.5133146e+10 | H26: =F26 / 'Reality Constants'!$B$5 -> 1.1185483e-14 | N26: 1.91 | O26: London Metal Exchange (2017) | P26: =N26 / ((1000/C26) * 'Reality Constants'!$B$6) -> 8.5577455e-26
A27: Silicon | B27: Si(28) | C27: 27.976928 | D27: 92.23 | E27: =C27 * 'Reality Constants'!$B$2 -> 4.6456782e-25 | F27: =E27 * ('Reality Constants'!$B$3 * 'Reality Constants'!$B$3) -> 4.1753273e-08 | G27: =F27 / 'Reality Constants'!$B$4 -> 2.6060343e+10 | H27: =F27 / 'Reality Constants'!$B$5 -> 1.1598131e-14 | N27: 1.91 | O27: Deutsche Rohstoffagentur (2016) | P27: =N27 / ((1000/C27) * 'Reality Constants'!$B$6) -> 8.8734528e-26
A28: Silicon | B28: Si(29) | C28: 28.976496 | D28: 4.67 | E28: =C28 * 'Reality Constants'!$B$2 -> 4.8116604e-25 | F28: =E28 * ('Reality Constants'!$B$3 * 'Reality Constants'!$B$3) -> 4.3245047e-08 | G28: =F28 / 'Reality Constants'!$B$4 -> 2.6991435e+10 | H28: =F28 / 'Reality Constants'!$B$5 -> 1.2012513e-14 | N28: 1.91 | O28: Deutsche Rohstoffagentur (2016) | P28: =N28 / ((1000/C28) * 'Reality Constants'!$B$6) -> 9.1904861e-26
A29: Silicon | B29: Si(30) | C29: 29.973772 | D29: 3.1 | E29: =C29 * 'Reality Constants'!$B$2 -> 4.9772619e-25 | F29: =E29 * ('Reality Constants'!$B$3 * 'Reality Constants'!$B$3) -> 4.4733399e-08 | G29: =F29 / 'Reality Constants'!$B$4 -> 2.7920392e+10 | H29: =F29 / 'Reality Constants'!$B$5 -> 1.2425944e-14 | N29: 1.91 | O29: Deutsche Rohstoffagentur (2016) | P29: =N29 / ((1000/C29) * 'Reality Constants'!$B$6) -> 9.5067925e-26
A30: Phosphorus | B30: P(31) | C30: 30.973763 | D30: 100 | E30: =C30 * 'Reality Constants'!$B$2 -> 5.1433144e-25 | F30: =E30 * ('Reality Constants'!$B$3 * 'Reality Constants'!$B$3) -> 4.6225804e-08 | G30: =F30 / 'Reality Constants'!$B$4 -> 2.8851878e+10 | H30: =F30 / 'Reality Constants'!$B$5 -> 1.2840501e-14 | N30: 300 | O30: Chemicool (2012) | P30: =N30 / ((1000/C30) * 'Reality Constants'!$B$6) -> 1.5430304e-23
A31: Sulfur | B31: S(32) | C31: 31.972072 | D31: 95.02 | E31: =C31 * 'Reality Constants'!$B$2 -> 5.3090875e-25 | F31: =E31 * ('Reality Constants'!$B$3 * 'Reality Constants'!$B$3) -> 4.7715699e-08 | G31: =F31 / 'Reality Constants'!$B$4 -> 2.9781797e+10 | H31: =F31 / 'Reality Constants'!$B$5 -> 1.3254361e-14 | N31: 0.1 | O31: United States Geological Survey (2016) | P31: =N31 / ((1000/C31) * 'Reality Constants'!$B$6) -> 5.3092116e-27
A32: Sulfur | B32: S(33) | C32: 32.971459 | D32: 0.75 | E32: =C32 * 'Reality Constants'!$B$2 -> 5.4750396e-25 | F32: =E32 * ('Reality Constants'!$B$3 * 'Reality Constants'!$B$3) -> 4.9207202e-08 | G32: =F32 / 'Reality Constants'!$B$4 -> 3.071272e+10 | H32: =F32 / 'Reality Constants'!$B$5 -> 1.3668667e-14 | N32: 0.1 | O32: United States Geological Survey (2016) | P32: =N32 / ((1000/C32) * 'Reality Constants'!$B$6) -> 5.4751676e-27
A33: Sulfur | B33: S(34) | C33: 33.967868 | D33: 4.21 | E33: =C33 * 'Reality Constants'!$B$2 -> 5.6404972e-25 | F33: =E33 * ('Reality Constants'!$B$3 * 'Reality Constants'!$B$3) -> 5.0694261e-08 | G33: =F33 / 'Reality Constants'!$B$4 -> 3.1640869e+10 | H33: =F33 / 'Reality Constants'!$B$5 -> 1.4081739e-14 | N33: 0.1 | O33: United States Geological Survey (2016) | P33: =N33 / ((1000/C33) * 'Reality Constants'!$B$6) -> 5.640629e-27
... A288: Uranium | B288: U(238) | C288: 238.05079 | D288: 99.27 | E288: =C288 * 'Reality Constants'!$B$2 -> 3.9529263e-24 | F288: =E288 * ('Reality Constants'!$B$3 * 'Reality Constants'!$B$3) -> 3.552713e-07 | G288: =F288 / 'Reality Constants'!$B$4 -> 2.217429e+11 | H288: =F288 / 'Reality Constants'!$B$5 -> 9.8686472e-14 | N288: 101 | O288: Periodic Table Market Prices (2020) | P288: =N288 / ((1000/C288) * 'Reality Constants'!$B$6) -> 3.9925489e-23
J289: =AVERAGE(J2:J288) -> 2.5252834e-17 | P289: =AVERAGE(P2:P288) -> 2.3421431e-20
